{
    "user_inputs": {
        "task_description": "Connecting industrial exhaust pipes utilizing flexible spiral tubing to ensure proper ventilation\nflow and sealing integrity.",
        "company": "SK BM",
        "building": "22",
        "floor": "33",
        "subcontractor_full": "ANDUS HUNGARY KFT - Park Ilseok (+36 30 495 9440)",
        "responsible_person_manager_full": "Kardos Miklos (+36 70 988 8536)",
        "creation_date": "2025-10-30",
        "start_date": "2025-10-30",
        "end_date": "2025-10-30",
        "fire_alarm_status": "NO",
        "permits": {
            "fire": false,
            "enclosed": false,
            "heavy_machinery": false,
            "electrical": false,
            "high_place": false,
            "hazardous_material": false
        }
    },
    "gemini_response": {
        "WORK NAME EN": "Industrial Exhaust Pipe Connection with Flexible Tubing",
        "WORK NAME HU": "Ipari Elszívócső Csatlakoztatás Rugalmas Csővel",
        "WORK DETAILS EN": "Connecting industrial exhaust pipes using flexible spiral tubing to guarantee optimal ventilation flow and maintain sealing integrity during the assembly process.",
        "WORK DETAILS HU": "Ipari elszívócsövek csatlakoztatása rugalmas spirálcsővel az optimális szellőzésáramlás garantálása és a tömítési integritás fenntartása érdekében az összeszerelés során.",
        "HAZARD TYPES": "slip, pinch, noise",
        "PPE": "eyeprotection, hearingprotection, protectiveclothing",
        "A1": "Inspect the connection points on the existing exhaust system and prepare surfaces for coupling.",
        "A2": "Ellenőrizze a meglévő elszívórendszer csatlakozási pontjait és készítse elő a felületeket a kapcsoláshoz.",
        "B1": "Ensure all power sources to the exhaust system are locked out and tagged out before starting work.",
        "B2": "Mielőtt elkezdi a munkát, győződjön meg arról, hogy az elszívórendszer összes áramforrása le van zárva és címkézve.",
        "C1": "Potential for sharp edges on existing pipe flanges causing cuts or abrasions.",
        "C2": "Éles élek a meglévő peremeken, amelyek vágásokat vagy horzsolásokat okozhatnak.",
        "D1": "Use heavy-duty gloves and visually inspect all flange edges prior to handling.",
        "D2": "Használjon vastag kesztyűt, és kezelés előtt vizuálisan ellenőrizze az összes peremélt.",
        "E1": "3",
        "E2": "",
        "F1": "3",
        "F2": "",
        "G1": "M",
        "G2": "",
        "H1": "Use grinding stone to smooth any rough or sharp edges on the pipe ends before fitting the tubing.",
        "H2": "Használjon csiszolókövet a csővégek durva vagy éles éleinek simítására a cső felszerelése előtt.",
        "I1": "2",
        "I2": "",
        "J1": "2",
        "J2": "",
        "K1": "L",
        "K2": "",
        "A3": "Measure and cut the flexible spiral tubing to the required length, ensuring proper alignment.",
        "A4": "Mérje le és vágja le a rugalmas spirálcsövet a szükséges hosszra, biztosítva a megfelelő igazítást.",
        "B3": "Use appropriate cutting tools and ensure all personnel are clear of the cutting path.",
        "B4": "Használjon megfelelő vágószerszámokat, és győződjön meg arról, hogy minden személy távol van a vágási útvonaltól.",
        "C3": "Flying debris or metal shavings generated during the cutting process.",
        "C4": "Repülő törmelék vagy fémforgács a vágási folyamat során.",
        "D3": "Wear safety glasses and use a shield when operating cutting equipment.",
        "D4": "Viseljen védőszemüveget, és használjon pajzsot a vágóberendezés működtetésekor.",
        "E3": "4",
        "E4": "",
        "F3": "3",
        "F4": "",
        "G3": "H",
        "G4": "",
        "H3": "Implement a localized dust extraction system near the cutting area to capture debris immediately.",
        "H4": "Telepítsen helyi elszívó rendszert a vágási terület közelében a törmelék azonnali felfogására.",
        "I3": "2",
        "I4": "",
        "J3": "1",
        "J4": "",
        "K3": "L",
        "K4": "",
        "A5": "Attach the flexible tubing to the exhaust flange using clamps or specified fastening hardware.",
        "A6": "Rögzítse a rugalmas csövet az elszívó peremhez bilincsek vagy előírt rögzítő hardver segítségével.",
        "B5": "Ensure proper torque is applied to all clamps to prevent slippage or leaks under pressure.",
        "B6": "Győződjön meg arról, hogy minden bilincshez megfelelő nyomaték van alkalmazva a csúszás vagy szivárgás elkerülése érdekében nyomás alatt.",
        "C5": "Improperly secured tubing could fall, causing impact injury or obstruction.",
        "C6": "A nem megfelelően rögzített cső leeshet, ami sérülést vagy elzáródást okozhat.",
        "D5": "Use scaffolding or stable ladders for access; verify clamp tightness using a calibrated torque wrench.",
        "D6": "Használjon állványzatot vagy stabil létrákat a hozzáféréshez; ellenőrizze a bilincsek szorosságát kalibrált nyomatékkulccsal.",
        "E5": "3",
        "E6": "",
        "F5": "4",
        "F6": "",
        "G5": "H",
        "G6": "",
        "H5": "Use a second set of clamps as a backup measure on critical joints to enhance mechanical stability.",
        "H6": "Használjon másodlagos bilincskészletet tartalék intézkedésként a kritikus csatlakozásokon a mechanikai stabilitás növelése érdekében.",
        "I5": "2",
        "I6": "",
        "J5": "2",
        "J6": "",
        "K5": "M",
        "K6": "",
        "A7": "Connect the other end of the flexible tubing to the receiving ventilation unit inlet.",
        "A8": "Csatlakoztassa a rugalmas cső másik végét a fogadó szellőzőegység bemenetéhez.",
        "B7": "Verify that the receiving unit's inlet is clean and free of obstructions before final connection.",
        "B8": "Ellenőrizze, hogy a fogadó egység bemenete tiszta és akadálymentes-e a végső csatlakoztatás előtt.",
        "C7": "Potential for dust or residual material falling from the tubing into the ventilation unit.",
        "C8": "Por vagy maradék anyag hullásának lehetősége a csőből a szellőzőegységbe.",
        "D7": "Position the tubing vertically where possible, or use temporary supports during connection.",
        "D8": "Lehetőség szerint függőlegesen helyezze el a csövet, vagy használjon ideiglenes támasztékokat a csatlakoztatás során.",
        "E7": "2",
        "E8": "",
        "F7": "3",
        "F8": "",
        "G7": "M",
        "G8": "",
        "H7": "Use a vacuum system connected to the receiving unit during the final connection phase to immediately capture any loose debris.",
        "H8": "Használjon vákuumrendszert, amely a fogadó egységhez csatlakozik a végső csatlakoztatási fázisban a laza törmelék azonnali felfogására.",
        "I7": "1",
        "I8": "",
        "J7": "1",
        "J8": "",
        "K7": "L",
        "K8": "",
        "A9": "Perform a final visual inspection of all connections, checking for proper seating and sealing.",
        "A10": "Végezzen végső vizuális ellenőrzést minden csatlakozáson, ellenőrizve a megfelelő illeszkedést és tömítést.",
        "B9": "Ensure all tools and temporary supports are removed from the work area upon completion.",
        "B10": "Győződjön meg arról, hogy minden szerszám és ideiglenes támaszték eltávolításra került a munkaterületről a befejezés után.",
        "C9": "Tripping hazard from tools or materials left on the floor near the installed piping.",
        "C10": "Megbotlási veszély a padlón hagyott szerszámokból vagy anyagokból a telepített csővezeték közelében.",
        "D9": "Implement a 5S check: sweep the area and confirm all equipment is accounted for.",
        "D10": "Alkalmazzon 5S ellenőrzést: söpörje fel a területet, és erősítse meg, hogy minden berendezés megvan.",
        "E9": "2",
        "E10": "",
        "F9": "2",
        "F10": "",
        "G9": "L",
        "G10": "",
        "H9": "Conduct a functional test of the exhaust system at low speed, monitoring for unusual noise or vibration.",
        "H10": "Végezzen funkcionális tesztet az elszívórendszeren alacsony sebességen, figyelve a szokatlan zajra vagy vibrációra.",
        "I9": "1",
        "I10": "",
        "J9": "1",
        "J10": "",
        "K9": "L",
        "K10": "",
        "A11": "If the system test is successful, remove LOTO devices and restore power to the ventilation unit.",
        "A12": "Ha a rendszer teszt sikeres, távolítsa el a LOTO eszközöket, és állítsa vissza az áramellátást a szellőzőegységhez.",
        "B11": "Ensure all personnel are clear of the immediate area before re-energizing the system.",
        "B12": "Győződjön meg arról, hogy minden személy távol van a közvetlen területről, mielőtt újra áram alá helyezi a rendszert.",
        "C11": "Risk of electrical shock or unexpected startup during power restoration.",
        "C12": "Áramütés vagy váratlan indítás veszélye az áramellátás helyreállítása során.",
        "D11": "Use a designated safety observer to confirm the area is clear before removing locks/tags.",
        "D12": "Használjon kijelölt biztonsági megfigyelőt, hogy megerősítse a terület tisztaságát a zárak/címkék eltávolítása előtt.",
        "E11": "4",
        "E12": "",
        "F11": "1",
        "F12": "",
        "G11": "M",
        "G12": "",
        "H11": "Document the successful connection and system test in the maintenance logbook.",
        "H12": "Dokumentálja a sikeres csatlakozást és rendszer tesztet a karbantartási naplóban.",
        "I11": "1",
        "I12": "",
        "J11": "1",
        "J12": "",
        "K11": "L",
        "K12": ""
    }
}