{
    "user_inputs": {
        "task_description": "Connecting industrial exhaust pipes utilizing flexible spiral tubing to ensure proper ventilation\nflow and sealing integrity.",
        "company": "SK BM",
        "building": "22",
        "floor": "33",
        "subcontractor_full": "ANDUS HUNGARY KFT - Park Ilseok (+36 30 495 9440)",
        "responsible_person_manager_full": "Kardos Miklos (+36 70 988 8536)",
        "creation_date": "2025-10-30",
        "start_date": "2025-10-30",
        "end_date": "2025-10-30",
        "fire_alarm_status": "NO",
        "permits": {
            "fire": false,
            "enclosed": false,
            "heavy_machinery": false,
            "electrical": false,
            "high_place": false,
            "hazardous_material": false
        }
    },
    "gemini_response": {
        "WORK NAME EN": "Connecting Industrial Exhaust Pipes with Flexible Spiral Tubing",
        "WORK NAME HU": "Ipari Elszívócsövek Csatlakoztatása Rugalmas Spirálcsővel",
        "WORK DETAILS EN": "Connecting industrial exhaust pipes utilizing flexible spiral tubing to ensure proper ventilation flow and sealing integrity.",
        "WORK DETAILS HU": "Ipari elszívócsövek csatlakoztatása rugalmas spirálcsövek felhasználásával a megfelelő szellőzés és tömítettség biztosítására.",
        "HAZARD TYPES": "slip, fall, pinch, chemical, noise",
        "PPE": "fallprotection, eyeprotection, hearingprotection, protectiveclothing",
        "A1": "Prepare work area, inspect tools, and verify isolation of ventilation system.",
        "A2": "Előkészítés, szerszámok ellenőrzése, szellőztető rendszer leválasztásának ellenőrzése.",
        "B1": "Ensure adequate lighting and immediately clean up spills/debris.",
        "B2": "Megfelelő világítás biztosítása, azonnali takarítás.",
        "C1": "Slip/Trip hazard due to debris or uneven surfaces.",
        "C2": "Csúszás/botlás veszély törmelék vagy egyenetlen felület miatt.",
        "D1": "Clear pathways, use 5S methodology.",
        "D2": "Tiszta útvonalak, 5S módszertan alkalmazása.",
        "E1": "3",
        "E2": "",
        "F1": "3",
        "F2": "",
        "G1": "M",
        "G2": "",
        "H1": "Ensure adequate lighting and immediately clean up spills/debris.",
        "H2": "Megfelelő világítás biztosítása, azonnali takarítás.",
        "I1": "2",
        "I2": "",
        "J1": "2",
        "J2": "",
        "K1": "L",
        "K2": "",
        "A3": "Erect scaffolding or use approved lift equipment to reach connection points.",
        "A4": "Állványzat felállítása vagy jóváhagyott emelőberendezés használata.",
        "B3": "Verify harness inspection records and secure all tools against dropping.",
        "B4": "Heveder ellenőrzési jegyzőkönyvek ellenőrzése, szerszámok rögzítése.",
        "C3": "Fall from height (if elevated work is required).",
        "C4": "Magasból leesés (ha emelt szintű munka szükséges).",
        "D3": "Use certified equipment, 100% tie-off if working at height.",
        "D4": "Tanúsított eszközök használata, 100%-os kikötés magasságban végzett munka esetén.",
        "E3": "5",
        "E4": "",
        "F3": "3",
        "F4": "",
        "G3": "H",
        "G4": "",
        "H3": "Verify harness inspection records and secure all tools against dropping.",
        "H4": "Heveder ellenőrzési jegyzőkönyvek ellenőrzése, szerszámok rögzítése.",
        "I3": "5",
        "I4": "",
        "J3": "1",
        "J4": "",
        "K3": "L",
        "K4": "",
        "A5": "Measure, mark, and cut the flexible spiral tubing using appropriate tools.",
        "A6": "Rugalmas spirálcső mérése, jelölése és vágása megfelelő szerszámokkal.",
        "B5": "Use designated cutting area; deburr edges immediately after cutting.",
        "B6": "Kijelölt vágási terület használata; sorjátlanítás vágás után.",
        "C5": "Pinch/Cut hazard from cutting tools or sharp edges of tubing.",
        "C6": "Becsípődés/vágás veszély a vágószerszámoktól vagy éles csőélektől.",
        "D5": "Wear cut-resistant gloves and use guards on power tools.",
        "D6": "Vágásálló kesztyű viselése, védőburkolatok használata.",
        "E5": "4",
        "E6": "",
        "F5": "4",
        "F6": "",
        "G5": "H",
        "G6": "",
        "H5": "Use designated cutting area; deburr edges immediately after cutting.",
        "H6": "Kijelölt vágási terület használata; sorjátlanítás vágás után.",
        "I5": "3",
        "I6": "",
        "J5": "2",
        "J6": "",
        "K5": "M",
        "K6": "",
        "A7": "Manually lift and position the flexible tubing onto the existing exhaust pipes.",
        "A8": "A rugalmas cső kézi emelése és pozicionálása a meglévő elszívócsövekre.",
        "B7": "Conduct stretching exercises before lifting; maintain neutral spine posture.",
        "B8": "Nyújtógyakorlatok végzése emelés előtt; semleges gerinctartás fenntartása.",
        "C7": "Musculoskeletal strain from heavy lifting or awkward posture.",
        "C8": "Váz- és izomrendszeri terhelés nehéz emelés vagy kényelmetlen testtartás miatt.",
        "D7": "Use team lift techniques or mechanical aids for heavy sections.",
        "D8": "Csapatban történő emelés vagy mechanikus segédeszközök használata.",
        "E7": "3",
        "E8": "",
        "F7": "3",
        "F8": "",
        "G7": "M",
        "G8": "",
        "H7": "Conduct stretching exercises before lifting; maintain neutral spine posture.",
        "H8": "Nyújtógyakorlatok végzése emelés előtt; semleges gerinctartás fenntartása.",
        "I7": "2",
        "I8": "",
        "J7": "2",
        "J8": "",
        "K7": "L",
        "K8": "",
        "A9": "Apply sealant, fit clamps, and tighten connections to ensure sealing integrity.",
        "A10": "Tömítőanyag felvitele, bilincsek felhelyezése és meghúzása a tömítettségért.",
        "B9": "Review SDS for sealant; wear hearing protection if using impact tools.",
        "B10": "Tömítőanyag biztonsági adatlapjának áttekintése; hallásvédelem használata.",
        "C9": "Chemical exposure (sealant fumes/contact) or noise from tightening tools.",
        "C10": "Vegyszer expozíció (tömítőanyag gőzök/érintkezés) vagy zaj a szerszámoktól.",
        "D9": "Use chemical-resistant gloves; ensure local ventilation is active.",
        "D10": "Vegyszerálló kesztyű használata; helyi szellőzés biztosítása.",
        "E9": "3",
        "E10": "",
        "F9": "3",
        "F10": "",
        "G9": "M",
        "G10": "",
        "H9": "Review SDS for sealant; wear hearing protection if using impact tools.",
        "H10": "Tömítőanyag biztonsági adatlapjának áttekintése; hallásvédelem használata.",
        "I9": "2",
        "I10": "",
        "J9": "1",
        "J10": "",
        "K9": "L",
        "K10": "",
        "A11": "Restore power/flow, test system integrity, and remove all tools and debris.",
        "A12": "Áram/áramlás visszaállítása, rendszer integritásának tesztelése, takarítás.",
        "B11": "Use calibrated testing equipment; verify LOTO removal only by authorized personnel.",
        "B12": "Kalibrált tesztelő berendezés használata; LOTO eltávolításának ellenőrzése.",
        "C11": "Electrical shock (if testing involves live components) or residual debris (slip).",
        "C12": "Áramütés (ha a tesztelés feszültség alatt álló részeket érint) vagy törmelék (csúszás).",
        "D11": "Follow LOTO procedures during restoration; conduct final sweep.",
        "D12": "LOTO eljárások követése visszaállításkor; végső takarítás.",
        "E11": "4",
        "E12": "",
        "F11": "2",
        "F12": "",
        "G11": "M",
        "G12": "",
        "H11": "Use calibrated testing equipment; verify LOTO removal only by authorized personnel.",
        "H12": "Kalibrált tesztelő berendezés használata; LOTO eltávolításának ellenőrzése.",
        "I11": "2",
        "I12": "",
        "J11": "1",
        "J12": "",
        "K11": "L",
        "K12": ""
    }
}