{
    "user_inputs": {
        "task_description": "Connecting industrial exhaust pipes utilizing flexible spiral tubing to ensure proper ventilation\nflow and sealing integrity.",
        "company": "SK BM",
        "building": "22",
        "floor": "33",
        "subcontractor_full": "ANDUS HUNGARY KFT - Park Ilseok (+36 30 495 9440)",
        "responsible_person_manager_full": "Kardos Miklos (+36 70 988 8536)",
        "creation_date": "2025-10-30",
        "start_date": "2025-10-30",
        "end_date": "2025-10-30",
        "fire_alarm_status": "NO",
        "permits": {
            "fire": false,
            "enclosed": false,
            "heavy_machinery": false,
            "electrical": false,
            "high_place": false,
            "hazardous_material": false
        }
    },
    "gemini_response": {
        "WORK NAME EN": "Industrial Exhaust Pipe Connection with Flexible Tubing",
        "WORK NAME HU": "Ipari Elszívócső Csatlakoztatás Rugalmas Csővel",
        "WORK DETAILS EN": "Connecting industrial exhaust pipes using flexible spiral tubing to ensure proper ventilation flow and sealing integrity.",
        "WORK DETAILS HU": "Ipari elszívócsövek csatlakoztatása rugalmas spirálcsövekkel a megfelelő szellőzés és tömítettség biztosítására.",
        "HAZARD TYPES": "slip, fall, pinch, chemical, noise",
        "PPE": "fallprotection, eyeprotection, hearingprotection, protectiveclothing",
        "A1": "Assess work area, gather tools, materials (pipes, tubing, clamps, sealant).",
        "A2": "Munkaterület felmérése, szerszámok, anyagok (csövek, tömlők, bilincsek, tömítőanyag) gyűjtése.",
        "B1": "Ensure clear pathways, proper tool storage, and stable material stacking.",
        "B2": "Biztosítson tiszta útvonalakat, megfelelő szerszámtárolást, stabil anyagrakodást.",
        "C1": "Slip/trip hazards, falling objects, pinch points (handling tools).",
        "C2": "Csúszás/botlás veszély, leeső tárgyak, becsípődés (szerszámok kezelése).",
        "D1": "Housekeeping, toolboxes, material handling procedures.",
        "D2": "Rendszeres takarítás, szerszámosládák, anyagmozgatási eljárások.",
        "E1": "3",
        "E2": "",
        "F1": "3",
        "F2": "",
        "G1": "M",
        "G2": "",
        "H1": "Use designated storage, secure all items, maintain clear access.",
        "H2": "Használjon kijelölt tárolókat, rögzítsen minden tárgyat, tartson tiszta hozzáférést.",
        "I1": "2",
        "I2": "",
        "J1": "2",
        "J2": "",
        "K1": "L",
        "K2": "",
        "A3": "Erect scaffolding/ladders if needed. Position and secure exhaust pipes for connection.",
        "A4": "Állványzat/létrák felállítása, ha szükséges. Elszívócsövek pozicionálása és rögzítése.",
        "B3": "Inspect access equipment, ensure proper pipe support and stability.",
        "B4": "Ellenőrizze a hozzáférési eszközöket, biztosítsa a csövek megfelelő alátámasztását.",
        "C3": "Fall from height, falling objects, unstable pipes.",
        "C4": "Magasból esés, leeső tárgyak, instabil csövek.",
        "D3": "Scaffolding inspection, ladder safety, pipe support stands.",
        "D4": "Állványzat ellenőrzés, létra biztonság, csőtartó állványok.",
        "E3": "4",
        "E4": "",
        "F3": "3",
        "F4": "",
        "G3": "H",
        "G4": "",
        "H3": "Use certified fall protection, secure pipes with multiple points, follow lifting plan.",
        "H4": "Használjon tanúsított leesésgátlót, rögzítse a csöveket több ponton, kövesse az emelési tervet.",
        "I3": "2",
        "I4": "",
        "J3": "2",
        "J4": "",
        "K3": "L",
        "K4": "",
        "A5": "Measure and cut flexible spiral tubing to required lengths. Deburr edges.",
        "A6": "Rugalmas spirálcsövek mérése és vágása a szükséges hosszra. Élek sorjázása.",
        "B5": "Use appropriate cutting tools, wear cut-resistant gloves and eye protection.",
        "B6": "Használjon megfelelő vágószerszámokat, viseljen vágásálló kesztyűt és szemvédőt.",
        "C5": "Cuts/lacerations, pinch points (handling tubing), noise (cutting tools).",
        "C6": "Vágások/horzsolások, becsípődés (cső kezelése), zaj (vágószerszámok).",
        "D5": "Proper tool use training, PPE provision, designated cutting area.",
        "D6": "Megfelelő szerszámhasználati képzés, egyéni védőeszközök, kijelölt vágóterület.",
        "E5": "3",
        "E6": "",
        "F5": "3",
        "F6": "",
        "G5": "M",
        "G6": "",
        "H5": "Ensure tools are sharp, use clamps to secure tubing, wear hearing protection.",
        "H6": "Biztosítsa az éles szerszámokat, rögzítse a csövet bilincsekkel, viseljen hallásvédőt.",
        "I5": "2",
        "I6": "",
        "J5": "2",
        "J6": "",
        "K5": "L",
        "K6": "",
        "A7": "Attach flexible tubing to exhaust pipes using clamps and appropriate sealants.",
        "A8": "Rugalmas csövek rögzítése elszívócsövekhez bilincsekkel és megfelelő tömítőanyagokkal.",
        "B7": "Read sealant MSDS, ensure good ventilation, use correct tools for clamping.",
        "B8": "Olvassa el a tömítőanyag biztonsági adatlapját, biztosítson szellőzést, használjon megfelelő bilincseket.",
        "C7": "Pinch points, chemical exposure (sealant), awkward posture.",
        "C8": "Becsípődés, vegyi anyag expozíció (tömítőanyag), kényelmetlen testtartás.",
        "D7": "MSDS available, ventilation systems, ergonomic training, proper tools.",
        "D8": "Biztonsági adatlap elérhető, szellőztető rendszerek, ergonómiai képzés, megfelelő szerszámok.",
        "E7": "3",
        "E8": "",
        "F7": "3",
        "F8": "",
        "G7": "M",
        "G8": "",
        "H7": "Wear chemical-resistant gloves, ensure adequate ventilation, take breaks.",
        "H8": "Viseljen vegyszerálló kesztyűt, biztosítson megfelelő szellőzést, tartson szüneteket.",
        "I7": "2",
        "I8": "",
        "J7": "2",
        "J8": "",
        "K7": "L",
        "K8": "",
        "A9": "Visually inspect all connections. Perform leak tests to ensure sealing integrity.",
        "A10": "Az összes csatlakozás vizuális ellenőrzése. Szivárgásvizsgálat a tömítettség biztosítására.",
        "B9": "Follow test procedures, ensure area is clear, use appropriate PPE for testing.",
        "B10": "Kövesse a vizsgálati eljárásokat, biztosítsa a terület tisztaságát, használjon megfelelő védőeszközöket.",
        "C9": "Chemical exposure (leak test agents), fall (if re-accessing connections), electrical (testing equipment).",
        "C10": "Vegyi anyag expozíció (szivárgásvizsgáló anyagok), esés (újrahozzáféréskor), áramütés (tesztelő berendezés).",
        "D9": "Test procedure, PPE, electrical lockout/tagout (LOTO) for equipment.",
        "D10": "Vizsgálati eljárás, egyéni védőeszközök, elektromos LOTO a berendezésekhez.",
        "E9": "3",
        "E10": "",
        "F9": "2",
        "F10": "",
        "G9": "M",
        "G10": "",
        "H9": "Use non-toxic leak detection, secure access, verify electrical equipment safety.",
        "H10": "Használjon nem mérgező szivárgásérzékelőt, biztosítsa a hozzáférést, ellenőrizze az elektromos berendezések biztonságát.",
        "I9": "2",
        "I10": "",
        "J9": "1",
        "J10": "",
        "K9": "L",
        "K10": "",
        "A11": "Remove tools, equipment, and waste. Clean work area. Demobilize scaffolding.",
        "A12": "Szerszámok, berendezések és hulladék eltávolítása. Munkaterület tisztítása. Állványzat lebontása.",
        "B11": "Follow waste disposal procedures, ensure safe dismantling of access equipment.",
        "B12": "Kövesse a hulladékkezelési eljárásokat, biztosítsa a hozzáférési eszközök biztonságos lebontását.",
        "C11": "Slip/trip hazards, falling objects, pinch points (disassembly).",
        "C12": "Csúszás/botlás veszély, leeső tárgyak, becsípődés (szétszerelés).",
        "D11": "Housekeeping, waste bins, dismantling procedures, tool storage.",
        "D12": "Rendszeres takarítás, hulladékgyűjtők, szétszerelési eljárások, szerszámtárolás.",
        "E11": "3",
        "E12": "",
        "F11": "3",
        "F12": "",
        "G11": "M",
        "G12": "",
        "H11": "Clear pathways, secure tools/materials during transport, follow dismantling plan.",
        "H12": "Tiszta útvonalak, szerszámok/anyagok rögzítése szállítás közben, bontási terv követése.",
        "I11": "2",
        "I12": "",
        "J11": "2",
        "J12": "",
        "K11": "L",
        "K12": ""
    }
}