{
    "user_inputs": {
        "task_description": "눈 청소",
        "company": "SK BM",
        "building": "11",
        "floor": "22",
        "subcontractor_full": "ANDUS HUNGARY KFT - Park Ilseok (+36 30 495 9440)",
        "responsible_person_manager_full": "Kardos Miklos (+36 70 988 8536)",
        "creation_date": "2026-01-20",
        "start_date": "2026-01-20",
        "end_date": "2026-01-20",
        "fire_alarm_status": "NO",
        "permits": {
            "fire": false,
            "enclosed": false,
            "heavy_machinery": false,
            "electrical": false,
            "high_place": false,
            "hazardous_material": false
        }
    },
    "gemini_response": {
        "WORK NAME EN": "Cleaning of Safety Glasses/Goggles",
        "WORK NAME HU": "Védőszemüveg Tisztítása",
        "WORK DETAILS EN": "The goal is to clean safety eyewear using proper liquid and cloth. Workers must follow the correct sequence for cleaning lenses and frames.",
        "WORK DETAILS HU": "A cél a védőszemüveg megfelelő folyadékkal és ruhával való tisztítása. A dolgozóknak be kell tartaniuk az objektívek és keretek tisztításának helyes sorrendjét.",
        "HAZARD TYPES": "slip, chemical",
        "PPE": "eyeprotection, protectiveclothing",
        "A1": "Get the safety glasses and cleaning supplies ready.",
        "A2": "Készítse elő a védőszemüveget és a tisztítószereket.",
        "B1": "Check if the cleaning solution container is closed tightly.",
        "B2": "Ellenőrizze, hogy a tisztítóoldat tartálya szorosan zárva van-e.",
        "C1": "Spilling the cleaning liquid on skin or eyes.",
        "C2": "A tisztító folyadék bőrre vagy szembe kerülése.",
        "D1": "Use the solution dispenser carefully; keep the cap on the bottle.",
        "D2": "Óvatosan használja az oldatadagolót; tartsa a kupakot a palackon.",
        "E1": "3",
        "E2": "",
        "F1": "3",
        "F2": "",
        "G1": "M",
        "G2": "",
        "H1": "Wear gloves when handling the chemical cleaning solution.",
        "H2": "Viseljen kesztyűt a vegyi tisztítóoldat kezelésekor.",
        "I1": "2",
        "I2": "",
        "J1": "2",
        "J2": "",
        "K1": "L",
        "K2": "",
        "A3": "Wipe the lenses gently with the designated soft cloth.",
        "A4": "Törölje meg óvatosan a lencséket a kijelölt puha ruhával.",
        "B3": "Do not use abrasive cloths or paper towels on lenses.",
        "B4": "Ne használjon súroló ruhákat vagy papírtörlőt az lencséken.",
        "C3": "Scratching the lens surface during wiping.",
        "C4": "Az lencse felületének megkarcolása törlés közben.",
        "D3": "Use only approved, non-abrasive cleaning materials.",
        "D4": "Csak jóváhagyott, nem koptató tisztítóanyagokat használjon.",
        "E3": "2",
        "E4": "",
        "F3": "3",
        "F4": "",
        "G3": "M",
        "G4": "",
        "H3": "Ensure the cloth is damp, not soaking wet, before wiping.",
        "H4": "Biztosítsa, hogy a ruha nedves, ne átázott legyen törlés előtt.",
        "I3": "1",
        "I4": "",
        "J3": "2",
        "J4": "",
        "K3": "L",
        "K4": "",
        "A5": "Clean the frame parts, avoiding excess liquid near hinges.",
        "A6": "Tisztítsa meg a keret részeit, kerülje a túlzott folyadékot a zsanérok közelében.",
        "B5": "Keep your feet steady to prevent slips while leaning over.",
        "B6": "Tartsa stabilan a lábát, hogy elkerülje a megcsúszást lehajlás közben.",
        "C5": "Slipping on wet floor surfaces near the cleaning station.",
        "C6": "Megcsúszás vizes padlófelületeken a tisztítóállomás közelében.",
        "D5": "Place a small mat down where liquid might drip.",
        "D6": "Helyezzen el egy kis szőnyeget, ahol folyadék csepeghet.",
        "E5": "3",
        "E6": "",
        "F5": "2",
        "F6": "",
        "G5": "M",
        "G6": "",
        "H5": "Dry your hands thoroughly after handling the wet glasses parts.",
        "H6": "Szárítsa meg alaposan a kezét a nedves szemüveg alkatrészek kezelése után.",
        "I5": "1",
        "I6": "",
        "J5": "1",
        "J6": "",
        "K5": "L",
        "K6": "",
        "A7": "Inspect the cleaned glasses for streaks or remaining dirt.",
        "A8": "Vizsgálja meg a megtisztított szemüveget csíkok vagy maradék szennyeződések szempontjából.",
        "B7": "Do not touch clean lenses with bare, oily fingers.",
        "B8": "Ne érintse meg a tiszta lencséket puszta, zsíros ujjaival.",
        "C7": "Re-contaminating the clean lenses with hand oils.",
        "C8": "A tiszta lencsék újrakontaminálása kézolajjal.",
        "D7": "Use clean gloves if you must touch the lenses again for inspection.",
        "D8": "Használjon tiszta kesztyűt, ha ismét meg kell érintenie a lencséket ellenőrzés céljából.",
        "E7": "2",
        "E8": "",
        "F7": "4",
        "F8": "",
        "G7": "M",
        "G8": "",
        "H7": "Use a flashlight for a clear view to spot any tiny remaining spots.",
        "H8": "Használjon zseblámpát a tiszta képhez, hogy észrevegye a legkisebb maradék foltokat.",
        "I7": "1",
        "I8": "",
        "J7": "1",
        "J8": "",
        "K7": "L",
        "K8": "",
        "A9": "Return the cleaned safety glasses to their proper storage spot.",
        "A10": "Helyezze vissza a megtisztított védőszemüveget a megfelelő tárolóhelyére.",
        "B9": "Ensure storage area is clean and dry before placing glasses inside.",
        "B10": "Biztosítsa, hogy a tárolóhely tiszta és száraz legyen, mielőtt beteszi a szemüveget.",
        "C9": "Storing glasses in a dusty or wet environment.",
        "C10": "Szemüveg tárolása poros vagy nedves környezetben.",
        "D9": "Verify the storage cabinet door is latched shut properly.",
        "D10": "Ellenőrizze, hogy a tárolószekrény ajtaja megfelelően be legyen reteszelve.",
        "E9": "2",
        "E10": "",
        "F9": "2",
        "F10": "",
        "G9": "L",
        "G10": "",
        "H9": "Wipe down the work surface after all supplies are put away securely.",
        "H10": "Törölje le a munkafelületet, miután minden kelléket biztonságosan elhelyezett.",
        "I9": "1",
        "I10": "",
        "J9": "1",
        "J10": "",
        "K9": "L",
        "K10": "",
        "A11": "Dispose of used cleaning wipes and rags in the designated waste bin.",
        "A12": "Dobja a használt tisztítókendőket és rongyokat a kijelölt hulladékgyűjtőbe.",
        "B11": "Wash hands thoroughly with soap and water after task completion.",
        "B12": "Mossa meg alaposan a kezét szappannal és vízzel a feladat befejezése után.",
        "C11": "Leaving contaminated waste materials unsecured.",
        "C12": "Szennyezett hulladékanyagok biztonság nélküli elhagyása.",
        "D11": "Use the covered bin marked specifically for contaminated materials.",
        "D12": "Használja a kifejezetten szennyezett anyagoknak kijelölt fedeles konténert.",
        "E11": "2",
        "E12": "",
        "F11": "3",
        "F12": "",
        "G11": "M",
        "G12": "",
        "H11": "Ensure all chemical containers are sealed and labeled before leaving.",
        "H12": "Győződjön meg arról, hogy minden vegyi tartály le van zárva és címkézve, mielőtt elmegy.",
        "I11": "1",
        "I12": "",
        "J11": "1",
        "J12": "",
        "K11": "L",
        "K12": ""
    }
}