{
  "pdf_template": "SK BM.pdf",
  "font": "helv",
  "font_size": 10,
  "fields": {
    "1": {
      "work name en": [
        {
          "x0": 377.0,
          "y0": 430.0,
          "x1": 1560.0,
          "y1": 518.0
        }
      ],
      "work name hu": [
        {
          "x0": 377.0,
          "y0": 515.0,
          "x1": 1560.0,
          "y1": 600.0
        }
      ],
      "work details": [
        {
          "x0": 377.0,
          "y0": 605.0,
          "x1": 1560.0,
          "y1": 780.0
        }
      ],
      "place": [
        {
          "x0": 380.0,
          "y0": 840.0,
          "x1": 1555.0,
          "y1": 880.0
        }
      ],
      "work date": [
        {
          "x0": 1880.0,
          "y0": 480.0,
          "x1": 2174.0,
          "y1": 560.0
        }
      ],
      "creation date": [
        {
          "x0": 1880.0,
          "y0": 677.5,
          "x1": 2175.0,
          "y1": 717.5
        }
      ],
      "work expiration time": [
        {
          "x0": 1880.0,
          "y0": 852.0,
          "x1": 2174.0,
          "y1": 892.0
        }
      ],
      "A1": [
        {
          "x0": 208.0,
          "y0": 1226.0,
          "x1": 717.0,
          "y1": 1360.0
        }
      ],
      "A2": [
        {
          "x0": 208.0,
          "y0": 1370.0,
          "x1": 717.0,
          "y1": 1506.0
        }
      ],
      "A3": [
        {
          "x0": 208.0,
          "y0": 1516.0,
          "x1": 717.0,
          "y1": 1650.0
        }
      ],
      "A4": [
        {
          "x0": 208.0,
          "y0": 1660.0,
          "x1": 717.0,
          "y1": 1794.0
        }
      ],
      "A5": [
        {
          "x0": 208.0,
          "y0": 1804.0,
          "x1": 717.0,
          "y1": 1938.0
        }
      ],
      "A6": [
        {
          "x0": 208.0,
          "y0": 1948.0,
          "x1": 717.0,
          "y1": 2084.0
        }
      ],
      "A7": [
        {
          "x0": 208.0,
          "y0": 2094.0,
          "x1": 717.0,
          "y1": 2228.0
        }
      ],
      "A8": [
        {
          "x0": 208.0,
          "y0": 2238.0,
          "x1": 717.0,
          "y1": 2373.0
        }
      ],
      "A9": [
        {
          "x0": 208.0,
          "y0": 2383.0,
          "x1": 717.0,
          "y1": 2518.0
        }
      ],
      "A10": [
        {
          "x0": 208.0,
          "y0": 2528.0,
          "x1": 717.0,
          "y1": 2661.0
        }
      ],
      "A11": [
        {
          "x0": 208.0,
          "y0": 2671.0,
          "x1": 717.0,
          "y1": 2806.0
        }
      ],
      "A12": [
        {
          "x0": 208.0,
          "y0": 2816.0,
          "x1": 717.0,
          "y1": 2951.0
        }
      ],
      "A13": [
        {
          "x0": 208.0,
          "y0": 2961.0,
          "x1": 717.0,
          "y1": 3096.0
        }
      ],
      "A14": [
        {
          "x0": 208.0,
          "y0": 3106.0,
          "x1": 717.0,
          "y1": 3239.0
        }
      ],
      "A15": [
        {
          "x0": 208.0,
          "y0": 3249.0,
          "x1": 717.0,
          "y1": 3385.0
        }
      ],
      "A16": [
        {
          "x0": 208.0,
          "y0": 3395.0,
          "x1": 717.0,
          "y1": 3529.0
        }
      ],
      "A17": [
        {
          "x0": 208.0,
          "y0": 3539.0,
          "x1": 717.0,
          "y1": 3674.0
        }
      ],
      "A18": [
        {
          "x0": 208.0,
          "y0": 3684.0,
          "x1": 717.0,
          "y1": 3818.0
        }
      ],
      "B1": [
        {
          "x0": 717.0,
          "y0": 1226.0,
          "x1": 1049.0,
          "y1": 1360.0
        }
      ],
      "C1": [
        {
          "x0": 1049.0,
          "y0": 1226.0,
          "x1": 1235.0,
          "y1": 1360.0
        }
      ],
      "D1": [
        {
          "x0": 1235.0,
          "y0": 1226.0,
          "x1": 1567.0,
          "y1": 1360.0
        }
      ],
      "E1": [
        {
          "x0": 1567.0,
          "y0": 1226.0,
          "x1": 1665.0,
          "y1": 1360.0
        }
      ],
      "F1": [
        {
          "x0": 1665.0,
          "y0": 1226.0,
          "x1": 1764.0,
          "y1": 1360.0
        }
      ],
      "G1": [
        {
          "x0": 1764.0,
          "y0": 1226.0,
          "x1": 1862.0,
          "y1": 1360.0
        }
      ],
      "H1": [
        {
          "x0": 1862.0,
          "y0": 1226.0,
          "x1": 2194.0,
          "y1": 1360.0
        }
      ],
      "I1": [
        {
          "x0": 2194.0,
          "y0": 1226.0,
          "x1": 2293.0,
          "y1": 1360.0
        }
      ],
      "J1": [
        {
          "x0": 2293.0,
          "y0": 1226.0,
          "x1": 2391.0,
          "y1": 1360.0
        }
      ],
      "K1": [
        {
          "x0": 2391.0,
          "y0": 1226.0,
          "x1": 2489.0,
          "y1": 1360.0
        }
      ],
      "B2": [
        {
          "x0": 717.0,
          "y0": 1370.0,
          "x1": 1049.0,
          "y1": 1506.0
        }
      ],
      "C2": [
        {
          "x0": 1049.0,
          "y0": 1370.0,
          "x1": 1235.0,
          "y1": 1526.0
        }
      ],
      "D2": [
        {
          "x0": 1235.0,
          "y0": 1370.0,
          "x1": 1567.0,
          "y1": 1506.0
        }
      ],
      "E2": [
        {
          "x0": 1567.0,
          "y0": 1370.0,
          "x1": 1665.0,
          "y1": 1506.0
        }
      ],
      "F2": [
        {
          "x0": 1665.0,
          "y0": 1370.0,
          "x1": 1764.0,
          "y1": 1506.0
        }
      ],
      "G2": [
        {
          "x0": 1764.0,
          "y0": 1370.0,
          "x1": 1862.0,
          "y1": 1506.0
        }
      ],
      "H2": [
        {
          "x0": 1862.0,
          "y0": 1370.0,
          "x1": 2194.0,
          "y1": 1506.0
        }
      ],
      "I2": [
        {
          "x0": 2194.0,
          "y0": 1370.0,
          "x1": 2293.0,
          "y1": 1506.0
        }
      ],
      "J2": [
        {
          "x0": 2293.0,
          "y0": 1370.0,
          "x1": 2391.0,
          "y1": 1506.0
        }
      ],
      "K2": [
        {
          "x0": 2391.0,
          "y0": 1370.0,
          "x1": 2489.0,
          "y1": 1506.0
        }
      ],
      "B3": [
        {
          "x0": 717.0,
          "y0": 1516.0,
          "x1": 1049.0,
          "y1": 1650.0
        }
      ],
      "C3": [
        {
          "x0": 1049.0,
          "y0": 1516.0,
          "x1": 1235.0,
          "y1": 1650.0
        }
      ],
      "D3": [
        {
          "x0": 1235.0,
          "y0": 1516.0,
          "x1": 1567.0,
          "y1": 1650.0
        }
      ],
      "E3": [
        {
          "x0": 1567.0,
          "y0": 1516.0,
          "x1": 1665.0,
          "y1": 1650.0
        }
      ],
      "F3": [
        {
          "x0": 1665.0,
          "y0": 1516.0,
          "x1": 1764.0,
          "y1": 1650.0
        }
      ],
      "G3": [
        {
          "x0": 1764.0,
          "y0": 1516.0,
          "x1": 1862.0,
          "y1": 1650.0
        }
      ],
      "H3": [
        {
          "x0": 1862.0,
          "y0": 1516.0,
          "x1": 2194.0,
          "y1": 1650.0
        }
      ],
      "I3": [
        {
          "x0": 2194.0,
          "y0": 1516.0,
          "x1": 2293.0,
          "y1": 1650.0
        }
      ],
      "J3": [
        {
          "x0": 2293.0,
          "y0": 1516.0,
          "x1": 2391.0,
          "y1": 1650.0
        }
      ],
      "K3": [
        {
          "x0": 2391.0,
          "y0": 1516.0,
          "x1": 2489.0,
          "y1": 1650.0
        }
      ],
      "B4": [
        {
          "x0": 717.0,
          "y0": 1660.0,
          "x1": 1049.0,
          "y1": 1794.0
        }
      ],
      "C4": [
        {
          "x0": 1049.0,
          "y0": 1660.0,
          "x1": 1235.0,
          "y1": 1794.0
        }
      ],
      "D4": [
        {
          "x0": 1235.0,
          "y0": 1660.0,
          "x1": 1567.0,
          "y1": 1794.0
        }
      ],
      "E4": [
        {
          "x0": 1567.0,
          "y0": 1660.0,
          "x1": 1665.0,
          "y1": 1794.0
        }
      ],
      "F4": [
        {
          "x0": 1665.0,
          "y0": 1660.0,
          "x1": 1764.0,
          "y1": 1794.0
        }
      ],
      "G4": [
        {
          "x0": 1764.0,
          "y0": 1660.0,
          "x1": 1862.0,
          "y1": 1794.0
        }
      ],
      "H4": [
        {
          "x0": 1862.0,
          "y0": 1660.0,
          "x1": 2194.0,
          "y1": 1794.0
        }
      ],
      "I4": [
        {
          "x0": 2194.0,
          "y0": 1660.0,
          "x1": 2293.0,
          "y1": 1794.0
        }
      ],
      "J4": [
        {
          "x0": 2293.0,
          "y0": 1660.0,
          "x1": 2391.0,
          "y1": 1794.0
        }
      ],
      "K4": [
        {
          "x0": 2391.0,
          "y0": 1660.0,
          "x1": 2489.0,
          "y1": 1794.0
        }
      ],
      "B5": [
        {
          "x0": 717.0,
          "y0": 1804.0,
          "x1": 1049.0,
          "y1": 1938.0
        }
      ],
      "C5": [
        {
          "x0": 1049.0,
          "y0": 1804.0,
          "x1": 1235.0,
          "y1": 1938.0
        }
      ],
      "D5": [
        {
          "x0": 1235.0,
          "y0": 1804.0,
          "x1": 1567.0,
          "y1": 1938.0
        }
      ],
      "E5": [
        {
          "x0": 1567.0,
          "y0": 1804.0,
          "x1": 1665.0,
          "y1": 1938.0
        }
      ],
      "F5": [
        {
          "x0": 1665.0,
          "y0": 1804.0,
          "x1": 1764.0,
          "y1": 1938.0
        }
      ],
      "G5": [
        {
          "x0": 1764.0,
          "y0": 1804.0,
          "x1": 1862.0,
          "y1": 1938.0
        }
      ],
      "H5": [
        {
          "x0": 1862.0,
          "y0": 1804.0,
          "x1": 2194.0,
          "y1": 1938.0
        }
      ],
      "I5": [
        {
          "x0": 2194.0,
          "y0": 1804.0,
          "x1": 2293.0,
          "y1": 1938.0
        }
      ],
      "J5": [
        {
          "x0": 2293.0,
          "y0": 1804.0,
          "x1": 2391.0,
          "y1": 1938.0
        }
      ],
      "K5": [
        {
          "x0": 2391.0,
          "y0": 1804.0,
          "x1": 2489.0,
          "y1": 1938.0
        }
      ],
      "B6": [
        {
          "x0": 717.0,
          "y0": 1948.0,
          "x1": 1049.0,
          "y1": 2084.0
        }
      ],
      "C6": [
        {
          "x0": 1049.0,
          "y0": 1948.0,
          "x1": 1235.0,
          "y1": 2099.0
        }
      ],
      "D6": [
        {
          "x0": 1235.0,
          "y0": 1948.0,
          "x1": 1567.0,
          "y1": 2084.0
        }
      ],
      "E6": [
        {
          "x0": 1567.0,
          "y0": 1948.0,
          "x1": 1665.0,
          "y1": 2084.0
        }
      ],
      "F6": [
        {
          "x0": 1665.0,
          "y0": 1948.0,
          "x1": 1764.0,
          "y1": 2084.0
        }
      ],
      "G6": [
        {
          "x0": 1764.0,
          "y0": 1948.0,
          "x1": 1862.0,
          "y1": 2084.0
        }
      ],
      "H6": [
        {
          "x0": 1862.0,
          "y0": 1948.0,
          "x1": 2194.0,
          "y1": 2084.0
        }
      ],
      "I6": [
        {
          "x0": 2194.0,
          "y0": 1948.0,
          "x1": 2293.0,
          "y1": 2084.0
        }
      ],
      "J6": [
        {
          "x0": 2293.0,
          "y0": 1948.0,
          "x1": 2391.0,
          "y1": 2084.0
        }
      ],
      "K6": [
        {
          "x0": 2391.0,
          "y0": 1948.0,
          "x1": 2489.0,
          "y1": 2084.0
        }
      ],
      "B7": [
        {
          "x0": 717.0,
          "y0": 2094.0,
          "x1": 1049.0,
          "y1": 2228.0
        }
      ],
      "C7": [
        {
          "x0": 1049.0,
          "y0": 2094.0,
          "x1": 1235.0,
          "y1": 2228.0
        }
      ],
      "D7": [
        {
          "x0": 1235.0,
          "y0": 2094.0,
          "x1": 1567.0,
          "y1": 2228.0
        }
      ],
      "E7": [
        {
          "x0": 1567.0,
          "y0": 2094.0,
          "x1": 1665.0,
          "y1": 2228.0
        }
      ],
      "F7": [
        {
          "x0": 1665.0,
          "y0": 2094.0,
          "x1": 1764.0,
          "y1": 2228.0
        }
      ],
      "G7": [
        {
          "x0": 1764.0,
          "y0": 2094.0,
          "x1": 1862.0,
          "y1": 2228.0
        }
      ],
      "H7": [
        {
          "x0": 1862.0,
          "y0": 2094.0,
          "x1": 2194.0,
          "y1": 2228.0
        }
      ],
      "I7": [
        {
          "x0": 2194.0,
          "y0": 2094.0,
          "x1": 2293.0,
          "y1": 2228.0
        }
      ],
      "J7": [
        {
          "x0": 2293.0,
          "y0": 2094.0,
          "x1": 2391.0,
          "y1": 2228.0
        }
      ],
      "K7": [
        {
          "x0": 2391.0,
          "y0": 2094.0,
          "x1": 2489.0,
          "y1": 2228.0
        }
      ],
      "B8": [
        {
          "x0": 717.0,
          "y0": 2238.0,
          "x1": 1049.0,
          "y1": 2373.0
        }
      ],
      "C8": [
        {
          "x0": 1049.0,
          "y0": 2238.0,
          "x1": 1235.0,
          "y1": 2393.0
        }
      ],
      "D8": [
        {
          "x0": 1235.0,
          "y0": 2238.0,
          "x1": 1567.0,
          "y1": 2373.0
        }
      ],
      "E8": [
        {
          "x0": 1567.0,
          "y0": 2238.0,
          "x1": 1665.0,
          "y1": 2373.0
        }
      ],
      "F8": [
        {
          "x0": 1665.0,
          "y0": 2238.0,
          "x1": 1764.0,
          "y1": 2373.0
        }
      ],
      "G8": [
        {
          "x0": 1764.0,
          "y0": 2238.0,
          "x1": 1862.0,
          "y1": 2373.0
        }
      ],
      "H8": [
        {
          "x0": 1862.0,
          "y0": 2238.0,
          "x1": 2194.0,
          "y1": 2373.0
        }
      ],
      "I8": [
        {
          "x0": 2194.0,
          "y0": 2238.0,
          "x1": 2293.0,
          "y1": 2373.0
        }
      ],
      "J8": [
        {
          "x0": 2293.0,
          "y0": 2238.0,
          "x1": 2391.0,
          "y1": 2373.0
        }
      ],
      "K8": [
        {
          "x0": 2391.0,
          "y0": 2238.0,
          "x1": 2489.0,
          "y1": 2373.0
        }
      ],
      "B9": [
        {
          "x0": 717.0,
          "y0": 2383.0,
          "x1": 1049.0,
          "y1": 2518.0
        }
      ],
      "C9": [
        {
          "x0": 1049.0,
          "y0": 2383.0,
          "x1": 1235.0,
          "y1": 2518.0
        }
      ],
      "D9": [
        {
          "x0": 1235.0,
          "y0": 2383.0,
          "x1": 1567.0,
          "y1": 2518.0
        }
      ],
      "E9": [
        {
          "x0": 1567.0,
          "y0": 2383.0,
          "x1": 1665.0,
          "y1": 2518.0
        }
      ],
      "F9": [
        {
          "x0": 1665.0,
          "y0": 2383.0,
          "x1": 1764.0,
          "y1": 2518.0
        }
      ],
      "G9": [
        {
          "x0": 1764.0,
          "y0": 2383.0,
          "x1": 1862.0,
          "y1": 2518.0
        }
      ],
      "H9": [
        {
          "x0": 1862.0,
          "y0": 2383.0,
          "x1": 2194.0,
          "y1": 2518.0
        }
      ],
      "I9": [
        {
          "x0": 2194.0,
          "y0": 2383.0,
          "x1": 2293.0,
          "y1": 2518.0
        }
      ],
      "J9": [
        {
          "x0": 2293.0,
          "y0": 2383.0,
          "x1": 2391.0,
          "y1": 2518.0
        }
      ],
      "K9": [
        {
          "x0": 2391.0,
          "y0": 2383.0,
          "x1": 2489.0,
          "y1": 2518.0
        }
      ],
      "B10": [
        {
          "x0": 717.0,
          "y0": 2528.0,
          "x1": 1049.0,
          "y1": 2661.0
        }
      ],
      "C10": [
        {
          "x0": 1049.0,
          "y0": 2528.0,
          "x1": 1235.0,
          "y1": 2681.0
        }
      ],
      "D10": [
        {
          "x0": 1235.0,
          "y0": 2528.0,
          "x1": 1567.0,
          "y1": 2681.0
        }
      ],
      "E10": [
        {
          "x0": 1567.0,
          "y0": 2528.0,
          "x1": 1665.0,
          "y1": 2661.0
        }
      ],
      "F10": [
        {
          "x0": 1665.0,
          "y0": 2528.0,
          "x1": 1764.0,
          "y1": 2661.0
        }
      ],
      "G10": [
        {
          "x0": 1764.0,
          "y0": 2528.0,
          "x1": 1862.0,
          "y1": 2661.0
        }
      ],
      "H10": [
        {
          "x0": 1862.0,
          "y0": 2528.0,
          "x1": 2194.0,
          "y1": 2661.0
        }
      ],
      "I10": [
        {
          "x0": 2194.0,
          "y0": 2528.0,
          "x1": 2293.0,
          "y1": 2661.0
        }
      ],
      "J10": [
        {
          "x0": 2293.0,
          "y0": 2528.0,
          "x1": 2391.0,
          "y1": 2661.0
        }
      ],
      "K10": [
        {
          "x0": 2391.0,
          "y0": 2528.0,
          "x1": 2489.0,
          "y1": 2661.0
        }
      ],
      "B11": [
        {
          "x0": 717.0,
          "y0": 2671.0,
          "x1": 1049.0,
          "y1": 2806.0
        }
      ],
      "C11": [
        {
          "x0": 1049.0,
          "y0": 2661.0,
          "x1": 1235.0,
          "y1": 2806.0
        }
      ],
      "D11": [
        {
          "x0": 1235.0,
          "y0": 2671.0,
          "x1": 1567.0,
          "y1": 2806.0
        }
      ],
      "E11": [
        {
          "x0": 1567.0,
          "y0": 2671.0,
          "x1": 1665.0,
          "y1": 2806.0
        }
      ],
      "F11": [
        {
          "x0": 1665.0,
          "y0": 2671.0,
          "x1": 1764.0,
          "y1": 2806.0
        }
      ],
      "G11": [
        {
          "x0": 1764.0,
          "y0": 2671.0,
          "x1": 1862.0,
          "y1": 2806.0
        }
      ],
      "H11": [
        {
          "x0": 1862.0,
          "y0": 2671.0,
          "x1": 2194.0,
          "y1": 2806.0
        }
      ],
      "I11": [
        {
          "x0": 2194.0,
          "y0": 2671.0,
          "x1": 2293.0,
          "y1": 2806.0
        }
      ],
      "J11": [
        {
          "x0": 2293.0,
          "y0": 2671.0,
          "x1": 2391.0,
          "y1": 2806.0
        }
      ],
      "K11": [
        {
          "x0": 2391.0,
          "y0": 2671.0,
          "x1": 2489.0,
          "y1": 2806.0
        }
      ],
      "B12": [
        {
          "x0": 717.0,
          "y0": 2816.0,
          "x1": 1049.0,
          "y1": 2951.0
        }
      ],
      "C12": [
        {
          "x0": 1049.0,
          "y0": 2795.0,
          "x1": 1235.0,
          "y1": 2981.0
        }
      ],
      "D12": [
        {
          "x0": 1235.0,
          "y0": 2816.0,
          "x1": 1567.0,
          "y1": 2951.0
        }
      ],
      "E12": [
        {
          "x0": 1567.0,
          "y0": 2816.0,
          "x1": 1665.0,
          "y1": 2951.0
        }
      ],
      "F12": [
        {
          "x0": 1665.0,
          "y0": 2816.0,
          "x1": 1764.0,
          "y1": 2951.0
        }
      ],
      "G12": [
        {
          "x0": 1764.0,
          "y0": 2816.0,
          "x1": 1862.0,
          "y1": 2951.0
        }
      ],
      "H12": [
        {
          "x0": 1862.0,
          "y0": 2816.0,
          "x1": 2194.0,
          "y1": 2951.0
        }
      ],
      "I12": [
        {
          "x0": 2194.0,
          "y0": 2816.0,
          "x1": 2293.0,
          "y1": 2951.0
        }
      ],
      "J12": [
        {
          "x0": 2293.0,
          "y0": 2816.0,
          "x1": 2391.0,
          "y1": 2951.0
        }
      ],
      "K12": [
        {
          "x0": 2391.0,
          "y0": 2816.0,
          "x1": 2489.0,
          "y1": 2951.0
        }
      ],
      "B13": [
        {
          "x0": 717.0,
          "y0": 2961.0,
          "x1": 1049.0,
          "y1": 3096.0
        }
      ],
      "C13": [
        {
          "x0": 1049.0,
          "y0": 2961.0,
          "x1": 1235.0,
          "y1": 3116.0
        }
      ],
      "D13": [
        {
          "x0": 1235.0,
          "y0": 2961.0,
          "x1": 1567.0,
          "y1": 3096.0
        }
      ],
      "E13": [
        {
          "x0": 1567.0,
          "y0": 2961.0,
          "x1": 1665.0,
          "y1": 3096.0
        }
      ],
      "F13": [
        {
          "x0": 1665.0,
          "y0": 2961.0,
          "x1": 1764.0,
          "y1": 3096.0
        }
      ],
      "G13": [
        {
          "x0": 1764.0,
          "y0": 2961.0,
          "x1": 1862.0,
          "y1": 3096.0
        }
      ],
      "H13": [
        {
          "x0": 1862.0,
          "y0": 2961.0,
          "x1": 2194.0,
          "y1": 3096.0
        }
      ],
      "I13": [
        {
          "x0": 2194.0,
          "y0": 2961.0,
          "x1": 2293.0,
          "y1": 3096.0
        }
      ],
      "J13": [
        {
          "x0": 2293.0,
          "y0": 2961.0,
          "x1": 2391.0,
          "y1": 3096.0
        }
      ],
      "K13": [
        {
          "x0": 2391.0,
          "y0": 2961.0,
          "x1": 2489.0,
          "y1": 3096.0
        }
      ],
      "B14": [
        {
          "x0": 717.0,
          "y0": 3106.0,
          "x1": 1049.0,
          "y1": 3239.0
        }
      ],
      "C14": [
        {
          "x0": 1049.0,
          "y0": 3106.0,
          "x1": 1235.0,
          "y1": 3239.0
        }
      ],
      "D14": [
        {
          "x0": 1235.0,
          "y0": 3106.0,
          "x1": 1567.0,
          "y1": 3239.0
        }
      ],
      "E14": [
        {
          "x0": 1567.0,
          "y0": 3106.0,
          "x1": 1665.0,
          "y1": 3239.0
        }
      ],
      "F14": [
        {
          "x0": 1665.0,
          "y0": 3106.0,
          "x1": 1764.0,
          "y1": 3239.0
        }
      ],
      "G14": [
        {
          "x0": 1764.0,
          "y0": 3106.0,
          "x1": 1862.0,
          "y1": 3239.0
        }
      ],
      "H14": [
        {
          "x0": 1862.0,
          "y0": 3106.0,
          "x1": 2194.0,
          "y1": 3239.0
        }
      ],
      "I14": [
        {
          "x0": 2194.0,
          "y0": 3106.0,
          "x1": 2293.0,
          "y1": 3239.0
        }
      ],
      "J14": [
        {
          "x0": 2293.0,
          "y0": 3106.0,
          "x1": 2391.0,
          "y1": 3239.0
        }
      ],
      "K14": [
        {
          "x0": 2391.0,
          "y0": 3106.0,
          "x1": 2489.0,
          "y1": 3239.0
        }
      ],
      "B15": [
        {
          "x0": 717.0,
          "y0": 3249.0,
          "x1": 1049.0,
          "y1": 3385.0
        }
      ],
      "C15": [
        {
          "x0": 1049.0,
          "y0": 3249.0,
          "x1": 1235.0,
          "y1": 3385.0
        }
      ],
      "D15": [
        {
          "x0": 1235.0,
          "y0": 3249.0,
          "x1": 1567.0,
          "y1": 3385.0
        }
      ],
      "E15": [
        {
          "x0": 1567.0,
          "y0": 3249.0,
          "x1": 1665.0,
          "y1": 3385.0
        }
      ],
      "F15": [
        {
          "x0": 1665.0,
          "y0": 3249.0,
          "x1": 1764.0,
          "y1": 3385.0
        }
      ],
      "G15": [
        {
          "x0": 1764.0,
          "y0": 3249.0,
          "x1": 1862.0,
          "y1": 3385.0
        }
      ],
      "H15": [
        {
          "x0": 1862.0,
          "y0": 3249.0,
          "x1": 2194.0,
          "y1": 3385.0
        }
      ],
      "I15": [
        {
          "x0": 2194.0,
          "y0": 3249.0,
          "x1": 2293.0,
          "y1": 3385.0
        }
      ],
      "J15": [
        {
          "x0": 2293.0,
          "y0": 3249.0,
          "x1": 2391.0,
          "y1": 3385.0
        }
      ],
      "K15": [
        {
          "x0": 2391.0,
          "y0": 3249.0,
          "x1": 2489.0,
          "y1": 3385.0
        }
      ],
      "B16": [
        {
          "x0": 717.0,
          "y0": 3395.0,
          "x1": 1049.0,
          "y1": 3529.0
        }
      ],
      "C16": [
        {
          "x0": 1049.0,
          "y0": 3395.0,
          "x1": 1235.0,
          "y1": 3529.0
        }
      ],
      "D16": [
        {
          "x0": 1235.0,
          "y0": 3395.0,
          "x1": 1567.0,
          "y1": 3529.0
        }
      ],
      "E16": [
        {
          "x0": 1567.0,
          "y0": 3395.0,
          "x1": 1665.0,
          "y1": 3529.0
        }
      ],
      "F16": [
        {
          "x0": 1665.0,
          "y0": 3395.0,
          "x1": 1764.0,
          "y1": 3529.0
        }
      ],
      "G16": [
        {
          "x0": 1764.0,
          "y0": 3395.0,
          "x1": 1862.0,
          "y1": 3529.0
        }
      ],
      "H16": [
        {
          "x0": 1862.0,
          "y0": 3395.0,
          "x1": 2194.0,
          "y1": 3529.0
        }
      ],
      "I16": [
        {
          "x0": 2194.0,
          "y0": 3395.0,
          "x1": 2293.0,
          "y1": 3529.0
        }
      ],
      "J16": [
        {
          "x0": 2293.0,
          "y0": 3395.0,
          "x1": 2391.0,
          "y1": 3529.0
        }
      ],
      "K16": [
        {
          "x0": 2391.0,
          "y0": 3395.0,
          "x1": 2489.0,
          "y1": 3529.0
        }
      ],
      "B17": [
        {
          "x0": 717.0,
          "y0": 3539.0,
          "x1": 1049.0,
          "y1": 3674.0
        }
      ],
      "C17": [
        {
          "x0": 1049.0,
          "y0": 3539.0,
          "x1": 1235.0,
          "y1": 3674.0
        }
      ],
      "D17": [
        {
          "x0": 1235.0,
          "y0": 3539.0,
          "x1": 1567.0,
          "y1": 3674.0
        }
      ],
      "E17": [
        {
          "x0": 1567.0,
          "y0": 3539.0,
          "x1": 1665.0,
          "y1": 3674.0
        }
      ],
      "F17": [
        {
          "x0": 1665.0,
          "y0": 3539.0,
          "x1": 1764.0,
          "y1": 3674.0
        }
      ],
      "G17": [
        {
          "x0": 1764.0,
          "y0": 3539.0,
          "x1": 1862.0,
          "y1": 3674.0
        }
      ],
      "H17": [
        {
          "x0": 1862.0,
          "y0": 3539.0,
          "x1": 2194.0,
          "y1": 3674.0
        }
      ],
      "I17": [
        {
          "x0": 2194.0,
          "y0": 3539.0,
          "x1": 2293.0,
          "y1": 3674.0
        }
      ],
      "J17": [
        {
          "x0": 2293.0,
          "y0": 3539.0,
          "x1": 2391.0,
          "y1": 3674.0
        }
      ],
      "K17": [
        {
          "x0": 2391.0,
          "y0": 3539.0,
          "x1": 2489.0,
          "y1": 3674.0
        }
      ],
      "B18": [
        {
          "x0": 717.0,
          "y0": 3684.0,
          "x1": 1049.0,
          "y1": 3818.0
        }
      ],
      "C18": [
        {
          "x0": 1049.0,
          "y0": 3684.0,
          "x1": 1235.0,
          "y1": 3818.0
        }
      ],
      "D18": [
        {
          "x0": 1235.0,
          "y0": 3684.0,
          "x1": 1567.0,
          "y1": 3818.0
        }
      ],
      "E18": [
        {
          "x0": 1567.0,
          "y0": 3684.0,
          "x1": 1665.0,
          "y1": 3818.0
        }
      ],
      "F18": [
        {
          "x0": 1665.0,
          "y0": 3684.0,
          "x1": 1764.0,
          "y1": 3818.0
        }
      ],
      "G18": [
        {
          "x0": 1764.0,
          "y0": 3684.0,
          "x1": 1862.0,
          "y1": 3818.0
        }
      ],
      "H18": [
        {
          "x0": 1862.0,
          "y0": 3684.0,
          "x1": 2194.0,
          "y1": 3818.0
        }
      ],
      "I18": [
        {
          "x0": 2194.0,
          "y0": 3684.0,
          "x1": 2293.0,
          "y1": 3818.0
        }
      ],
      "J18": [
        {
          "x0": 2293.0,
          "y0": 3684.0,
          "x1": 2391.0,
          "y1": 3818.0
        }
      ],
      "K18": [
        {
          "x0": 2391.0,
          "y0": 3684.0,
          "x1": 2489.0,
          "y1": 3818.0
        }
      ]
    },
    "2": {
      "start": [
        {
          "x0": 720.0,
          "y0": 607.0,
          "x1": 1088.0,
          "y1": 647.0
        }
      ],
      "end": [
        {
          "x0": 720.0,
          "y0": 671.0,
          "x1": 1088.0,
          "y1": 711.0
        }
      ],
      "place": [
        {
          "x0": 720.0,
          "y0": 734.0,
          "x1": 1940.0,
          "y1": 774.0
        }
      ],
      "work details en": [
        {
          "x0": 730.0,
          "y0": 820.0,
          "x1": 1930.0,
          "y1": 940.0
        }
      ],
      "slip": [
        {
          "x0": 726.0,
          "y0": 1060.8,
          "x1": 768.0,
          "y1": 1100.0
        }
      ],
      "fall": [
        {
          "x0": 850.0,
          "y0": 1061.0,
          "x1": 891.0,
          "y1": 1100.0
        }
      ],
      "confinedspace": [
        {
          "x0": 919.0,
          "y0": 1061.0,
          "x1": 960.0,
          "y1": 1100.0
        }
      ],
      "pinch": [
        {
          "x0": 1119.0,
          "y0": 1060.5,
          "x1": 1159.0,
          "y1": 1100.0
        }
      ],
      "burn": [
        {
          "x0": 727.0,
          "y0": 1097.0,
          "x1": 768.0,
          "y1": 1140.0
        }
      ],
      "chemical": [
        {
          "x0": 809.0,
          "y0": 1097.0,
          "x1": 849.0,
          "y1": 1140.0
        }
      ],
      "noise": [
        {
          "x0": 932.0,
          "y0": 1097.0,
          "x1": 972.0,
          "y1": 1140.0
        }
      ],
      "fallprotection": [
        {
          "x0": 1677.0,
          "y0": 1042.0,
          "x1": 1717.0,
          "y1": 1080.0
        }
      ],
      "eyeprotection": [
        {
          "x0": 1874.0,
          "y0": 1042.0,
          "x1": 1915.0,
          "y1": 1080.0
        }
      ],
      "hearingprotection": [
        {
          "x0": 1677.0,
          "y0": 1078.0,
          "x1": 1717.0,
          "y1": 1116.0
        }
      ],
      "respiratoryprotection": [
        {
          "x0": 1932.0,
          "y0": 1078.0,
          "x1": 1972.0,
          "y1": 1116.0
        }
      ],
      "protectiveclothing": [
        {
          "x0": 2224.0,
          "y0": 1078.0,
          "x1": 2262.0,
          "y1": 1116.0
        }
      ],
      "company": [
        {
          "x0": 2270.0,
          "y0": 613.0,
          "x1": 2859.0,
          "y1": 654.0
        }
      ],
      "name": [
        {
          "x0": 2475.0,
          "y0": 735.0,
          "x1": 2858.0,
          "y1": 772.0
        }
      ],
      "phone": [
        {
          "x0": 2475.0,
          "y0": 801.0,
          "x1": 2861.0,
          "y1": 837.0
        }
      ]
    },
    "3": {
      "start": [
        {
          "x0": 685.0,
          "y0": 643.0,
          "x1": 985.0,
          "y1": 680.0
        }
      ],
      "end": [
        {
          "x0": 685.0,
          "y0": 693.0,
          "x1": 985.0,
          "y1": 733.0
        }
      ],
      "place": [
        {
          "x0": 685.0,
          "y0": 744.0,
          "x1": 1830.0,
          "y1": 784.0
        }
      ],
      "work details hu": [
        {
          "x0": 695.0,
          "y0": 800.0,
          "x1": 1820.0,
          "y1": 930.0
        }
      ],
      "slip": [
        {
          "x0": 682.0,
          "y0": 1035.0,
          "x1": 723.0,
          "y1": 1080.0
        }
      ],
      "fall": [
        {
          "x0": 873.0,
          "y0": 1035.0,
          "x1": 913.0,
          "y1": 1080.0
        }
      ],
      "confinedspace": [
        {
          "x0": 974.0,
          "y0": 1035.0,
          "x1": 1014.0,
          "y1": 1080.0
        }
      ],
      "pinch": [
        {
          "x0": 1143.0,
          "y0": 1035.0,
          "x1": 1183.0,
          "y1": 1080.0
        }
      ],
      "burn": [
        {
          "x0": 683.0,
          "y0": 1073.0,
          "x1": 723.0,
          "y1": 1140.0
        }
      ],
      "chemical": [
        {
          "x0": 853.0,
          "y0": 1073.0,
          "x1": 893.0,
          "y1": 1140.0
        }
      ],
      "noise": [
        {
          "x0": 1018.0,
          "y0": 1073.0,
          "x1": 1058.0,
          "y1": 1140.0
        }
      ],
      "fallprotection": [
        {
          "x0": 1543.0,
          "y0": 1016.0,
          "x1": 1585.0,
          "y1": 1070.0
        }
      ],
      "eyeprotection": [
        {
          "x0": 1817.0,
          "y0": 1016.0,
          "x1": 1860.0,
          "y1": 1070.0
        }
      ],
      "hearingprotection": [
        {
          "x0": 1544.0,
          "y0": 1053.0,
          "x1": 1585.0,
          "y1": 1100.0
        }
      ],
      "respiratoryprotection": [
        {
          "x0": 1740.0,
          "y0": 1053.0,
          "x1": 1780.0,
          "y1": 1100.0
        }
      ],
      "protectiveclothing": [
        {
          "x0": 1944.0,
          "y0": 1053.0,
          "x1": 1985.0,
          "y1": 1100.0
        }
      ],
      "company": [
        {
          "x0": 2200.0,
          "y0": 643.0,
          "x1": 2856.0,
          "y1": 690.0
        }
      ],
      "name": [
        {
          "x0": 2440.0,
          "y0": 745.0,
          "x1": 2854.0,
          "y1": 790.0
        }
      ],
      "phone": [
        {
          "x0": 2440.0,
          "y0": 796.0,
          "x1": 2854.0,
          "y1": 840.0
        }
      ]
    },
    "4": {
      "start": [
        {
          "x0": 1500.0,
          "y0": 823.0,
          "x1": 1990.0,
          "y1": 920.0
        }
      ],
      "floor": [
        {
          "x0": 2000.0,
          "y0": 1707.0,
          "x1": 2740.0,
          "y1": 1790.0
        }
      ],
      "work details": [
        {
          "x0": 290.0,
          "y0": 1915.0,
          "x1": 2720.0,
          "y1": 2400.0
        }
      ],
      "building": [
        {
          "x0": 1858.0,
          "y0": 1603.0,
          "x1": 2740.0,
          "y1": 1701.0
        }
      ],
      "asd_no": [
        {
          "x0": 1600.0,
          "y0": 3210.0,
          "x1": 1900.0,
          "y1": 3300.0
        }
      ],
      "asd_yes": [
        {
          "x0": 1010.0,
          "y0": 3210.0,
          "x1": 1350.0,
          "y1": 3300.0
        }
      ],
      "company": [
        {
          "x0": 1310.0,
          "y0": 1395.0,
          "x1": 2600.0,
          "y1": 1506.0
        }
      ],
      "start_end": [
        {
          "x0": 1190.0,
          "y0": 928.0,
          "x1": 2000.0,
          "y1": 1020.0
        }
      ],
      "YEAR": [
        {
          "x0": 2605.0,
          "y0": 446.0,
          "x1": 2900.0,
          "y1": 550.0
        }
      ]
    },
    "5": {
      "name": [
        {
          "x0": 1880.0,
          "y0": 448.0,
          "x1": 2852.0,
          "y1": 608.0
        }
      ],
      "phone": [
        {
          "x0": 900.0,
          "y0": 522.0,
          "x1": 2117.0,
          "y1": 696.0
        }
      ],
      "responsible_name": [
        {
          "x0": 2070.0,
          "y0": 727.0,
          "x1": 3260.0,
          "y1": 835.0
        }
      ],
      "responsible_phone": [
        {
          "x0": 905.0,
          "y0": 831.0,
          "x1": 1901.0,
          "y1": 970.0
        }
      ]
    }
  }
}